,md5hash,fitzpatrick_scale,fitzpatrick_centaur,label,nine_partition_label,three_partition_label,qc,url,url_alphanum,local_path
0,4c3f795cf8eb72b946f9bd2642cf23c1,6,5,melanoma,malignant melanoma,malignant,,https://www.dermaamin.com/site/images/clinical-pic/m/melanoma/melanoma17.jpg,httpwwwdermaamincomsiteimagesclinicalpicmmelanomamelanoma17jpg.jpg,6/4c3f795cf8eb72b946f9bd2642cf23c1.jpg
1,24a4d75183c81800691347ad769b9a7b,4,2,lentigo maligna,malignant melanoma,malignant,,https://www.dermaamin.com/site/images/clinical-pic/L/lentigo-maligna/lentigo-maligna36.jpg,httpwwwdermaamincomsiteimagesclinicalpicLlentigomalignalentigomaligna36jpg.jpg,4/24a4d75183c81800691347ad769b9a7b.jpg
2,b0a513787e3c28076c3c197342be5ffa,3,3,lentigo maligna,malignant melanoma,malignant,,https://www.dermaamin.com/site/images/clinical-pic/L/lentigo-maligna/lentigo-maligna50.jpg,httpwwwdermaamincomsiteimagesclinicalpicLlentigomalignalentigomaligna50jpg.jpg,3/b0a513787e3c28076c3c197342be5ffa.jpg
3,2004c88f0aba56122257c4f71e67c719,3,3,malignant melanoma,malignant melanoma,malignant,,https://www.dermaamin.com/site/images/clinical-pic/m/malignant-melanoma/malignant-melanoma1.jpg,httpwwwdermaamincomsiteimagesclinicalpicmmalignantmelanomamalignantmelanoma1jpg.jpg,3/2004c88f0aba56122257c4f71e67c719.jpg
4,22f13657c4a6b4a3fc6ea06d313c3725,3,1,melanoma,malignant melanoma,malignant,,https://www.dermaamin.com/site/images/clinical-pic/m/melanome-superficiel-extensif/melanome-superficiel-extensif17.jpg,httpwwwdermaamincomsiteimagesclinicalpicmmelanomesuperficielextensifmelanomesuperficielextensif17jpg.jpg,3/22f13657c4a6b4a3fc6ea06d313c3725.jpg
5,becab807bbe933d1a5e84f378dfc083f,4,2,superficial spreading melanoma ssm,malignant melanoma,malignant,,https://www.dermaamin.com/site/images/clinical-pic/s/superfacial-spreading-melanoma/superfacial-spreading-melanoma33.jpg,httpwwwdermaamincomsiteimagesclinicalpicssuperfacialspreadingmelanomasuperfacialspreadingmelanoma33jpg.jpg,4/becab807bbe933d1a5e84f378dfc083f.jpg
6,407d41dc4b0e9e0fddd2fe5a4e155986,4,2,malignant melanoma,malignant melanoma,malignant,,https://www.dermaamin.com/site/images/clinical-pic/m/malignant-melanoma/malignant-melanoma49.jpg,httpwwwdermaamincomsiteimagesclinicalpicmmalignantmelanomamalignantmelanoma49jpg.jpg,4/407d41dc4b0e9e0fddd2fe5a4e155986.jpg
7,88585fc7b3ebb360c2ca8bc2cdfaf736,4,3,lentigo maligna,malignant melanoma,malignant,,https://www.dermaamin.com/site/images/clinical-pic/L/lentigo-maligna/lentigo-maligna17.jpg,httpwwwdermaamincomsiteimagesclinicalpicLlentigomalignalentigomaligna17jpg.jpg,4/88585fc7b3ebb360c2ca8bc2cdfaf736.jpg
8,72e2febe065d177b01564edeb420e24b,3,1,melanoma,malignant melanoma,malignant,,https://www.dermaamin.com/site/images/clinical-pic/m/melanoma/melanoma45.jpg,httpwwwdermaamincomsiteimagesclinicalpicmmelanomamelanoma45jpg.jpg,3/72e2febe065d177b01564edeb420e24b.jpg
9,25a9a37f1edef70afe4cbfb380f01224,3,1,melanoma,malignant melanoma,malignant,,https://www.dermaamin.com/site/images/clinical-pic/m/melanoma/melanoma38.jpg,httpwwwdermaamincomsiteimagesclinicalpicmmelanomamelanoma38jpg.jpg,3/25a9a37f1edef70afe4cbfb380f01224.jpg
10,94d83b7ef6a07cda5e0ce98dbc2a5550,3,1,superficial spreading melanoma ssm,malignant melanoma,malignant,,https://www.dermaamin.com/site/images/clinical-pic/s/superfacial-spreading-melanoma/superfacial-spreading-melanoma67.jpg,httpwwwdermaamincomsiteimagesclinicalpicssuperfacialspreadingmelanomasuperfacialspreadingmelanoma67jpg.jpg,3/94d83b7ef6a07cda5e0ce98dbc2a5550.jpg
11,cb0516a3a69f69eb2d5b7eafcfa5fc22,3,3,lentigo maligna,malignant melanoma,malignant,,https://www.dermaamin.com/site/images/clinical-pic/L/lentigo-maligna/lentigo-maligna5.jpg,httpwwwdermaamincomsiteimagesclinicalpicLlentigomalignalentigomaligna5jpg.jpg,3/cb0516a3a69f69eb2d5b7eafcfa5fc22.jpg
12,f27b150981c616b704721a1fa8cc9374,3,3,lentigo maligna,malignant melanoma,malignant,,https://www.dermaamin.com/site/images/clinical-pic/L/lentigo-maligna/lentigo-maligna67.jpg,httpwwwdermaamincomsiteimagesclinicalpicLlentigomalignalentigomaligna67jpg.jpg,3/f27b150981c616b704721a1fa8cc9374.jpg
13,46a52b0203c2e2e10adcfdb6dd3d30a0,4,3,superficial spreading melanoma ssm,malignant melanoma,malignant,,https://www.dermaamin.com/site/images/clinical-pic/s/superfacial-spreading-melanoma/superfacial-spreading-melanoma81.jpg,httpwwwdermaamincomsiteimagesclinicalpicssuperfacialspreadingmelanomasuperfacialspreadingmelanoma81jpg.jpg,4/46a52b0203c2e2e10adcfdb6dd3d30a0.jpg
14,227aabac4aa7eca8fa4b9fb2abddc5a0,3,3,melanoma,malignant melanoma,malignant,,https://www.dermaamin.com/site/images/clinical-pic/m/melanome-nodulaire/melanome-nodulaire1.jpg,httpwwwdermaamincomsiteimagesclinicalpicmmelanomenodulairemelanomenodulaire1jpg.jpg,3/227aabac4aa7eca8fa4b9fb2abddc5a0.jpg
15,454e68bf5705eabf0f4d28fc1dbd77be,6,1,superficial spreading melanoma ssm,malignant melanoma,malignant,1 Diagnostic,https://www.dermaamin.com/site/images/clinical-pic/s/superfacial-spreading-melanoma/superfacial-spreading-melanoma47.jpg,httpwwwdermaamincomsiteimagesclinicalpicssuperfacialspreadingmelanomasuperfacialspreadingmelanoma47jpg.jpg,6/454e68bf5705eabf0f4d28fc1dbd77be.jpg
16,44dd09cec3d8e1a42c64235346e4d062,4,2,melanoma,malignant melanoma,malignant,,https://www.dermaamin.com/site/images/clinical-pic/m/melanoma/melanoma43.jpg,httpwwwdermaamincomsiteimagesclinicalpicmmelanomamelanoma43jpg.jpg,4/44dd09cec3d8e1a42c64235346e4d062.jpg
17,0bcd16b715c47df35609c723676d6f42,4,2,lentigo maligna,malignant melanoma,malignant,,https://www.dermaamin.com/site/images/clinical-pic/L/lentigo-maligna/lentigo-maligna42.jpg,httpwwwdermaamincomsiteimagesclinicalpicLlentigomalignalentigomaligna42jpg.jpg,4/0bcd16b715c47df35609c723676d6f42.jpg
18,25f0286ffedff3a8a17bcdb8f220cdaf,4,3,melanoma,malignant melanoma,malignant,,https://www.dermaamin.com/site/images/clinical-pic/m/melanoma/melanoma30.jpg,httpwwwdermaamincomsiteimagesclinicalpicmmelanomamelanoma30jpg.jpg,4/25f0286ffedff3a8a17bcdb8f220cdaf.jpg
19,c9d7841b24e456ae4b89e60afafd9bbd,3,4,lentigo maligna,malignant melanoma,malignant,,https://www.dermaamin.com/site/images/clinical-pic/L/lentigo-maligna/lentigo-maligna38.jpg,httpwwwdermaamincomsiteimagesclinicalpicLlentigomalignalentigomaligna38jpg.jpg,3/c9d7841b24e456ae4b89e60afafd9bbd.jpg
20,86055a71df0b07eb091c0883f47dff26,3,1,lentigo maligna,malignant melanoma,malignant,,https://www.dermaamin.com/site/images/clinical-pic/L/lentigo-maligna/lentigo-maligna11.jpg,httpwwwdermaamincomsiteimagesclinicalpicLlentigomalignalentigomaligna11jpg.jpg,3/86055a71df0b07eb091c0883f47dff26.jpg
21,8a82dec5919fd014a82bd03d62ae4055,3,1,malignant melanoma,malignant melanoma,malignant,,https://www.dermaamin.com/site/images/clinical-pic/m/malignant-melanoma/malignant-melanoma89.jpg,httpwwwdermaamincomsiteimagesclinicalpicmmalignantmelanomamalignantmelanoma89jpg.jpg,3/8a82dec5919fd014a82bd03d62ae4055.jpg
22,6cf10bfb15d43652310bd5ce509069a9,4,1,malignant melanoma,malignant melanoma,malignant,,https://www.dermaamin.com/site/images/clinical-pic/m/malignant-melanoma/malignant-melanoma80.jpg,httpwwwdermaamincomsiteimagesclinicalpicmmalignantmelanomamalignantmelanoma80jpg.jpg,4/6cf10bfb15d43652310bd5ce509069a9.jpg
23,e64bc4a3e3dfc2db301f0b8c64253da5,4,3,melanoma,malignant melanoma,malignant,,https://www.dermaamin.com/site/images/clinical-pic/m/melanome-superficiel-extensif/melanome-superficiel-extensif11.jpg,httpwwwdermaamincomsiteimagesclinicalpicmmelanomesuperficielextensifmelanomesuperficielextensif11jpg.jpg,4/e64bc4a3e3dfc2db301f0b8c64253da5.jpg
24,1e5bfd1c3fe8617d6963470286e8e1ca,3,2,lentigo maligna,malignant melanoma,malignant,,https://www.dermaamin.com/site/images/clinical-pic/L/lentigo-maligna/lentigo-maligna57.jpg,httpwwwdermaamincomsiteimagesclinicalpicLlentigomalignalentigomaligna57jpg.jpg,3/1e5bfd1c3fe8617d6963470286e8e1ca.jpg
25,00f1b7bb9581e91250a2bb224c3321b8,4,3,melanoma,malignant melanoma,malignant,,https://www.dermaamin.com/site/images/clinical-pic/m/melanoma/melanoma26.jpg,httpwwwdermaamincomsiteimagesclinicalpicmmelanomamelanoma26jpg.jpg,4/00f1b7bb9581e91250a2bb224c3321b8.jpg
26,16732968b8b8bf0e9dc529bb65031adf,3,3,malignant melanoma,malignant melanoma,malignant,,https://www.dermaamin.com/site/images/clinical-pic/m/malignant-melanoma/malignant-melanoma99.jpg,httpwwwdermaamincomsiteimagesclinicalpicmmalignantmelanomamalignantmelanoma99jpg.jpg,3/16732968b8b8bf0e9dc529bb65031adf.jpg
27,64c07aac49ad73078795d74a2ef6c860,3,1,melanoma,malignant melanoma,malignant,,https://www.dermaamin.com/site/images/clinical-pic/m/melanome-superficiel-extensif/melanome-superficiel-extensif3.jpg,httpwwwdermaamincomsiteimagesclinicalpicmmelanomesuperficielextensifmelanomesuperficielextensif3jpg.jpg,3/64c07aac49ad73078795d74a2ef6c860.jpg
28,694398f9c2544b3ef11350e7bf3c3d29,5,2,malignant melanoma,malignant melanoma,malignant,,https://www.dermaamin.com/site/images/clinical-pic/m/malignant-melanoma/malignant-melanoma103.jpg,httpwwwdermaamincomsiteimagesclinicalpicmmalignantmelanomamalignantmelanoma103jpg.jpg,5/694398f9c2544b3ef11350e7bf3c3d29.jpg
29,2cb3ff37c40ccf6614c4e23c4ed0d91a,3,4,melanoma,malignant melanoma,malignant,,https://www.dermaamin.com/site/images/clinical-pic/m/melanoma/melanoma64.jpg,httpwwwdermaamincomsiteimagesclinicalpicmmelanomamelanoma64jpg.jpg,3/2cb3ff37c40ccf6614c4e23c4ed0d91a.jpg
30,2701b06d904bfe8d8979bc1fad14a23a,3,2,melanoma,malignant melanoma,malignant,,https://www.dermaamin.com/site/images/clinical-pic/a/amelanotic_nodular_melanoma/amelanotic_nodular_melanoma1.jpg,httpwwwdermaamincomsiteimagesclinicalpicaamelanoticnodularmelanomaamelanoticnodularmelanoma1jpg.jpg,3/2701b06d904bfe8d8979bc1fad14a23a.jpg
31,daa499ebb4481c1c21113fa4e2f3f93f,3,2,lentigo maligna,malignant melanoma,malignant,,https://www.dermaamin.com/site/images/clinical-pic/L/lentigo-maligna/lentigo-maligna53.jpg,httpwwwdermaamincomsiteimagesclinicalpicLlentigomalignalentigomaligna53jpg.jpg,3/daa499ebb4481c1c21113fa4e2f3f93f.jpg
32,d10722216af2bab5bfc450259169f9fe,6,6,melanoma,malignant melanoma,malignant,,https://www.dermaamin.com/site/images/clinical-pic/r/recurrent_memalona/recurrent_memalona3.jpg,httpwwwdermaamincomsiteimagesclinicalpicrrecurrentmemalonarecurrentmemalona3jpg.jpg,6/d10722216af2bab5bfc450259169f9fe.jpg
33,4eb6d37849e5cdb1459cf21a11788543,3,1,lentigo maligna,malignant melanoma,malignant,,https://www.dermaamin.com/site/images/clinical-pic/L/lentigo-maligna/lentigo-maligna44.jpg,httpwwwdermaamincomsiteimagesclinicalpicLlentigomalignalentigomaligna44jpg.jpg,3/4eb6d37849e5cdb1459cf21a11788543.jpg
34,1a5f1a8649503887c535b4e7dad59d5f,3,4,lentigo maligna,malignant melanoma,malignant,,https://www.dermaamin.com/site/images/clinical-pic/L/lentigo-maligna/lentigo-maligna39.jpg,httpwwwdermaamincomsiteimagesclinicalpicLlentigomalignalentigomaligna39jpg.jpg,3/1a5f1a8649503887c535b4e7dad59d5f.jpg
35,39db1b5308e58e1e486703dcb53b33ee,3,2,superficial spreading melanoma ssm,malignant melanoma,malignant,,https://www.dermaamin.com/site/images/clinical-pic/s/superfacial-spreading-melanoma/superfacial-spreading-melanoma111.jpg,httpwwwdermaamincomsiteimagesclinicalpicssuperfacialspreadingmelanomasuperfacialspreadingmelanoma111jpg.jpg,3/39db1b5308e58e1e486703dcb53b33ee.jpg
36,7d4182584c503100338e00b7b46bcc4b,5,6,melanoma,malignant melanoma,malignant,,https://www.dermaamin.com/site/images/clinical-pic/r/recurrent_memalona/recurrent_memalona2.jpg,httpwwwdermaamincomsiteimagesclinicalpicrrecurrentmemalonarecurrentmemalona2jpg.jpg,5/7d4182584c503100338e00b7b46bcc4b.jpg
37,7a2e6969eb645f2aced2aaa7b309b573,4,3,melanoma,malignant melanoma,malignant,,https://www.dermaamin.com/site/images/clinical-pic/m/melanome-superficiel-extensif/melanome-superficiel-extensif14.jpg,httpwwwdermaamincomsiteimagesclinicalpicmmelanomesuperficielextensifmelanomesuperficielextensif14jpg.jpg,4/7a2e6969eb645f2aced2aaa7b309b573.jpg
38,95cb2ae15bc9f52ea53b07b78fbfbd26,3,2,melanoma,malignant melanoma,malignant,,https://www.dermaamin.com/site/images/clinical-pic/m/melanoma/melanoma53.jpg,httpwwwdermaamincomsiteimagesclinicalpicmmelanomamelanoma53jpg.jpg,3/95cb2ae15bc9f52ea53b07b78fbfbd26.jpg
39,df17d9052c095d5b0593a3b9dd306d75,3,3,melanoma,malignant melanoma,malignant,,https://www.dermaamin.com/site/images/clinical-pic/m/melanoma/melanoma25.jpg,httpwwwdermaamincomsiteimagesclinicalpicmmelanomamelanoma25jpg.jpg,3/df17d9052c095d5b0593a3b9dd306d75.jpg
40,21988edf56792632bf60230be54b4ecb,3,2,superficial spreading melanoma ssm,malignant melanoma,malignant,,https://www.dermaamin.com/site/images/clinical-pic/s/superfacial-spreading-melanoma/superfacial-spreading-melanoma36.jpg,httpwwwdermaamincomsiteimagesclinicalpicssuperfacialspreadingmelanomasuperfacialspreadingmelanoma36jpg.jpg,3/21988edf56792632bf60230be54b4ecb.jpg
41,6eb241282698d3a3b24f8a5427f1bbbf,3,3,melanoma,malignant melanoma,malignant,,https://www.dermaamin.com/site/images/clinical-pic/m/melanoma/melanoma10.jpg,httpwwwdermaamincomsiteimagesclinicalpicmmelanomamelanoma10jpg.jpg,3/6eb241282698d3a3b24f8a5427f1bbbf.jpg
42,46409faa46521c676c8e1c3c3330704b,3,1,melanoma,malignant melanoma,malignant,,https://www.dermaamin.com/site/images/clinical-pic/m/melanoma/melanoma39.jpg,httpwwwdermaamincomsiteimagesclinicalpicmmelanomamelanoma39jpg.jpg,3/46409faa46521c676c8e1c3c3330704b.jpg
43,7e6838d693e1748adf0ea38d6420f8ee,5,3,malignant melanoma,malignant melanoma,malignant,,https://www.dermaamin.com/site/images/clinical-pic/m/malignant-melanoma/malignant-melanoma63.jpg,httpwwwdermaamincomsiteimagesclinicalpicmmalignantmelanomamalignantmelanoma63jpg.jpg,5/7e6838d693e1748adf0ea38d6420f8ee.jpg
44,33df7010afc0c9b9e660114abc46dfa4,4,2,lentigo maligna,malignant melanoma,malignant,,https://www.dermaamin.com/site/images/clinical-pic/L/lentigo-maligna/lentigo-maligna20.jpg,httpwwwdermaamincomsiteimagesclinicalpicLlentigomalignalentigomaligna20jpg.jpg,4/33df7010afc0c9b9e660114abc46dfa4.jpg
45,88c8c110ade2657fbe1c840dd2494511,5,3,superficial spreading melanoma ssm,malignant melanoma,malignant,,https://www.dermaamin.com/site/images/clinical-pic/s/superfacial-spreading-melanoma/superfacial-spreading-melanoma50.jpg,httpwwwdermaamincomsiteimagesclinicalpicssuperfacialspreadingmelanomasuperfacialspreadingmelanoma50jpg.jpg,5/88c8c110ade2657fbe1c840dd2494511.jpg
46,6ee7f655e7465c97833e86830a9bf2b4,3,2,lentigo maligna,malignant melanoma,malignant,,https://www.dermaamin.com/site/images/clinical-pic/L/lentigo-maligna/lentigo-maligna54.jpg,httpwwwdermaamincomsiteimagesclinicalpicLlentigomalignalentigomaligna54jpg.jpg,3/6ee7f655e7465c97833e86830a9bf2b4.jpg
47,008c8be183aa54af2d29a6f75521ebce,6,4,lentigo maligna,malignant melanoma,malignant,,https://www.dermaamin.com/site/images/clinical-pic/L/lentigo-maligna/lentigo-maligna18.jpg,httpwwwdermaamincomsiteimagesclinicalpicLlentigomalignalentigomaligna18jpg.jpg,6/008c8be183aa54af2d29a6f75521ebce.jpg
48,4429b712b5f7463459067286a73d1231,3,2,melanoma,malignant melanoma,malignant,,https://www.dermaamin.com/site/images/clinical-pic/m/melanoma/melanoma52.jpg,httpwwwdermaamincomsiteimagesclinicalpicmmelanomamelanoma52jpg.jpg,3/4429b712b5f7463459067286a73d1231.jpg
49,318c1c68fbf43892f05191ea20e618cb,3,1,melanoma,malignant melanoma,malignant,,https://www.dermaamin.com/site/images/clinical-pic/m/melanoma/melanoma21.jpg,httpwwwdermaamincomsiteimagesclinicalpicmmelanomamelanoma21jpg.jpg,3/318c1c68fbf43892f05191ea20e618cb.jpg
50,1225748569e2495256edb1f615dab952,3,3,superficial spreading melanoma ssm,malignant melanoma,malignant,,https://www.dermaamin.com/site/images/clinical-pic/s/superfacial-spreading-melanoma/superfacial-spreading-melanoma12.jpg,httpwwwdermaamincomsiteimagesclinicalpicssuperfacialspreadingmelanomasuperfacialspreadingmelanoma12jpg.jpg,3/1225748569e2495256edb1f615dab952.jpg
51,f1aba86c1e48a3b1a4bc5e599f7024bf,3,2,malignant melanoma,malignant melanoma,malignant,,https://www.dermaamin.com/site/images/clinical-pic/m/malignant-melanoma/malignant-melanoma95.jpg,httpwwwdermaamincomsiteimagesclinicalpicmmalignantmelanomamalignantmelanoma95jpg.jpg,3/f1aba86c1e48a3b1a4bc5e599f7024bf.jpg
52,1ea327d045b97047a089db7fb80b6c10,3,-1,lentigo maligna,malignant melanoma,malignant,,https://www.dermaamin.com/site/images/clinical-pic/L/lentigo-maligna/lentigo-maligna37.jpg,httpwwwdermaamincomsiteimagesclinicalpicLlentigomalignalentigomaligna37jpg.jpg,3/1ea327d045b97047a089db7fb80b6c10.jpg
53,e5ad8f497e1246ffd4ef79b930670250,4,3,melanoma,malignant melanoma,malignant,,https://www.dermaamin.com/site/images/clinical-pic/m/melanoma/melanoma56.jpg,httpwwwdermaamincomsiteimagesclinicalpicmmelanomamelanoma56jpg.jpg,4/e5ad8f497e1246ffd4ef79b930670250.jpg
54,2d8dd8e2b1d3f0af318b320f7d77e595,4,2,melanoma,malignant melanoma,malignant,,https://www.dermaamin.com/site/images/clinical-pic/m/melanome-superficiel-extensif/melanome-superficiel-extensif2.jpg,httpwwwdermaamincomsiteimagesclinicalpicmmelanomesuperficielextensifmelanomesuperficielextensif2jpg.jpg,4/2d8dd8e2b1d3f0af318b320f7d77e595.jpg
55,eae8d8e779633f16b622bac6a56f59ed,3,3,malignant melanoma,malignant melanoma,malignant,,https://www.dermaamin.com/site/images/clinical-pic/m/malignant-melanoma/malignant-melanoma40.jpg,httpwwwdermaamincomsiteimagesclinicalpicmmalignantmelanomamalignantmelanoma40jpg.jpg,3/eae8d8e779633f16b622bac6a56f59ed.jpg
56,c5714d20b28a2e3e75d14bc64d616ff7,3,1,lentigo maligna,malignant melanoma,malignant,,https://www.dermaamin.com/site/images/clinical-pic/L/lentigo-maligna/lentigo-maligna46.jpg,httpwwwdermaamincomsiteimagesclinicalpicLlentigomalignalentigomaligna46jpg.jpg,3/c5714d20b28a2e3e75d14bc64d616ff7.jpg
57,835a931b5ddf66e9b58b47421a8c4dad,4,4,melanoma,malignant melanoma,malignant,,https://www.dermaamin.com/site/images/clinical-pic/m/melanoma/melanoma31.jpg,httpwwwdermaamincomsiteimagesclinicalpicmmelanomamelanoma31jpg.jpg,4/835a931b5ddf66e9b58b47421a8c4dad.jpg
58,a60800f82f6a2588e2cf624ad64f2db1,3,3,melanoma,malignant melanoma,malignant,,https://www.dermaamin.com/site/images/clinical-pic/m/melanoma/melanoma68.jpg,httpwwwdermaamincomsiteimagesclinicalpicmmelanomamelanoma68jpg.jpg,3/a60800f82f6a2588e2cf624ad64f2db1.jpg
59,67964427e3d2fb4acf861c52e014ed60,3,2,lentigo maligna,malignant melanoma,malignant,,https://www.dermaamin.com/site/images/clinical-pic/L/lentigo-maligna/lentigo-maligna6.jpg,httpwwwdermaamincomsiteimagesclinicalpicLlentigomalignalentigomaligna6jpg.jpg,3/67964427e3d2fb4acf861c52e014ed60.jpg
60,07a0948ac4037dc426b60e96a750da32,3,2,lentigo maligna,malignant melanoma,malignant,,https://www.dermaamin.com/site/images/clinical-pic/L/lentigo-maligna/lentigo-maligna60.jpg,httpwwwdermaamincomsiteimagesclinicalpicLlentigomalignalentigomaligna60jpg.jpg,3/07a0948ac4037dc426b60e96a750da32.jpg
61,9a7cea383c596b7969f945a20ca2f4d1,5,2,lentigo maligna,malignant melanoma,malignant,,https://www.dermaamin.com/site/images/clinical-pic/L/lentigo-maligna/lentigo-maligna83.jpg,httpwwwdermaamincomsiteimagesclinicalpicLlentigomalignalentigomaligna83jpg.jpg,5/9a7cea383c596b7969f945a20ca2f4d1.jpg
62,e815861f140e305baf441814e6dbda48,6,1,malignant melanoma,malignant melanoma,malignant,,https://www.dermaamin.com/site/images/clinical-pic/m/malignant-melanoma/malignant-melanoma43.jpg,httpwwwdermaamincomsiteimagesclinicalpicmmalignantmelanomamalignantmelanoma43jpg.jpg,6/e815861f140e305baf441814e6dbda48.jpg
63,d0eea0ab5d1d2a33efea4e0257a03825,4,3,melanoma,malignant melanoma,malignant,,https://www.dermaamin.com/site/images/clinical-pic/m/melanoma/melanoma67.jpg,httpwwwdermaamincomsiteimagesclinicalpicmmelanomamelanoma67jpg.jpg,4/d0eea0ab5d1d2a33efea4e0257a03825.jpg
64,05285a4b2c635374814704052379a29f,3,3,lentigo maligna,malignant melanoma,malignant,,https://www.dermaamin.com/site/images/clinical-pic/L/lentigo-maligna/lentigo-maligna45.jpg,httpwwwdermaamincomsiteimagesclinicalpicLlentigomalignalentigomaligna45jpg.jpg,3/05285a4b2c635374814704052379a29f.jpg
65,879ce3af2a8769225d4120980e850814,4,3,melanoma,malignant melanoma,malignant,,https://www.dermaamin.com/site/images/clinical-pic/m/melanome-nodulaire/melanome-nodulaire6.jpg,httpwwwdermaamincomsiteimagesclinicalpicmmelanomenodulairemelanomenodulaire6jpg.jpg,4/879ce3af2a8769225d4120980e850814.jpg
66,4fab663ca875d7ce04524182c53aa4cc,3,2,melanoma,malignant melanoma,malignant,,https://www.dermaamin.com/site/images/clinical-pic/m/melanoma/melanoma65.jpg,httpwwwdermaamincomsiteimagesclinicalpicmmelanomamelanoma65jpg.jpg,3/4fab663ca875d7ce04524182c53aa4cc.jpg
67,1cf28107bbd82eebc64c7c395d711c2b,4,3,lentigo maligna,malignant melanoma,malignant,,https://www.dermaamin.com/site/images/clinical-pic/L/lentigo-maligna/lentigo-maligna1.jpg,httpwwwdermaamincomsiteimagesclinicalpicLlentigomalignalentigomaligna1jpg.jpg,4/1cf28107bbd82eebc64c7c395d711c2b.jpg
68,c43518ab9959d77b63bf6b9eeab7611b,3,2,lentigo maligna,malignant melanoma,malignant,,https://www.dermaamin.com/site/images/clinical-pic/L/lentigo-maligna/lentigo-maligna34.jpg,httpwwwdermaamincomsiteimagesclinicalpicLlentigomalignalentigomaligna34jpg.jpg,3/c43518ab9959d77b63bf6b9eeab7611b.jpg
69,3975cb19ffaee90ea9185c17b032c9a9,3,1,melanoma,malignant melanoma,malignant,,https://www.dermaamin.com/site/images/clinical-pic/m/melanome-nodulaire/melanome-nodulaire2.jpg,httpwwwdermaamincomsiteimagesclinicalpicmmelanomenodulairemelanomenodulaire2jpg.jpg,3/3975cb19ffaee90ea9185c17b032c9a9.jpg
70,ac04675f4d3943dfcfadd5284c60ef20,5,4,melanoma,malignant melanoma,malignant,,https://www.dermaamin.com/site/images/clinical-pic/m/melanoma/melanoma62.jpg,httpwwwdermaamincomsiteimagesclinicalpicmmelanomamelanoma62jpg.jpg,5/ac04675f4d3943dfcfadd5284c60ef20.jpg
71,a4bd02ffa70ff94c6c0d4e8f3c412b81,3,3,melanoma,malignant melanoma,malignant,,https://www.dermaamin.com/site/images/clinical-pic/m/melanoma/melanoma73.jpg,httpwwwdermaamincomsiteimagesclinicalpicmmelanomamelanoma73jpg.jpg,3/a4bd02ffa70ff94c6c0d4e8f3c412b81.jpg
72,f15b404a3af7bc64ce3b9bd6398c5d59,3,1,lentigo maligna,malignant melanoma,malignant,,https://www.dermaamin.com/site/images/clinical-pic/L/lentigo-maligna/lentigo-maligna31.jpg,httpwwwdermaamincomsiteimagesclinicalpicLlentigomalignalentigomaligna31jpg.jpg,3/f15b404a3af7bc64ce3b9bd6398c5d59.jpg
73,aebfb4a4b7eaeb406195faf9c997a5ea,3,1,melanoma,malignant melanoma,malignant,,https://www.dermaamin.com/site/images/clinical-pic/m/melanome-nodulaire/melanome-nodulaire5.jpg,httpwwwdermaamincomsiteimagesclinicalpicmmelanomenodulairemelanomenodulaire5jpg.jpg,3/aebfb4a4b7eaeb406195faf9c997a5ea.jpg
74,9a79f7e64ca44bf0f9bec4183925ae64,3,3,melanoma,malignant melanoma,malignant,,https://www.dermaamin.com/site/images/clinical-pic/m/melanoma/melanoma70.jpg,httpwwwdermaamincomsiteimagesclinicalpicmmelanomamelanoma70jpg.jpg,3/9a79f7e64ca44bf0f9bec4183925ae64.jpg
75,a20fb796843188fa92dd9a1553926be3,3,2,lentigo maligna,malignant melanoma,malignant,,https://www.dermaamin.com/site/images/clinical-pic/L/lentigo-maligna/lentigo-maligna22.jpg,httpwwwdermaamincomsiteimagesclinicalpicLlentigomalignalentigomaligna22jpg.jpg,3/a20fb796843188fa92dd9a1553926be3.jpg
76,031906ece1abcde6af5ef82780ea3034,4,3,malignant melanoma,malignant melanoma,malignant,,https://www.dermaamin.com/site/images/clinical-pic/m/malignant-melanoma/malignant-melanoma10.jpg,httpwwwdermaamincomsiteimagesclinicalpicmmalignantmelanomamalignantmelanoma10jpg.jpg,4/031906ece1abcde6af5ef82780ea3034.jpg
77,a1e1e7987bed1732f1fa29b1945e6cf0,4,1,malignant melanoma,malignant melanoma,malignant,,https://www.dermaamin.com/site/images/clinical-pic/m/malignant-melanoma/malignant-melanoma58.jpg,httpwwwdermaamincomsiteimagesclinicalpicmmalignantmelanomamalignantmelanoma58jpg.jpg,4/a1e1e7987bed1732f1fa29b1945e6cf0.jpg
78,612f87b255a58ac9e4838ecefb21c522,3,1,lentigo maligna,malignant melanoma,malignant,,https://www.dermaamin.com/site/images/clinical-pic/L/lentigo-maligna/lentigo-maligna41.jpg,httpwwwdermaamincomsiteimagesclinicalpicLlentigomalignalentigomaligna41jpg.jpg,3/612f87b255a58ac9e4838ecefb21c522.jpg
79,a4158b66a1435b2882c4075faa163c45,3,-1,malignant melanoma,malignant melanoma,malignant,,https://www.dermaamin.com/site/images/clinical-pic/m/malignant-melanoma/malignant-melanoma69.jpg,httpwwwdermaamincomsiteimagesclinicalpicmmalignantmelanomamalignantmelanoma69jpg.jpg,3/a4158b66a1435b2882c4075faa163c45.jpg
80,4d4ba55545548d6dd95a8791fd75d675,4,2,lentigo maligna,malignant melanoma,malignant,,https://www.dermaamin.com/site/images/clinical-pic/L/lentigo-maligna/lentigo-maligna3.jpg,httpwwwdermaamincomsiteimagesclinicalpicLlentigomalignalentigomaligna3jpg.jpg,4/4d4ba55545548d6dd95a8791fd75d675.jpg
81,33f441f638fce62e18cd77ff583d6273,3,1,malignant melanoma,malignant melanoma,malignant,,https://www.dermaamin.com/site/images/clinical-pic/m/malignant-melanoma/malignant-melanoma67.jpg,httpwwwdermaamincomsiteimagesclinicalpicmmalignantmelanomamalignantmelanoma67jpg.jpg,3/33f441f638fce62e18cd77ff583d6273.jpg
82,91c7a0ad483e2e2a7365ea7c6f395a01,3,3,lentigo maligna,malignant melanoma,malignant,,https://www.dermaamin.com/site/images/clinical-pic/L/lentigo-maligna/lentigo-maligna9.jpg,httpwwwdermaamincomsiteimagesclinicalpicLlentigomalignalentigomaligna9jpg.jpg,3/91c7a0ad483e2e2a7365ea7c6f395a01.jpg
83,2fd4888414963b05fe63544829295e3b,3,1,superficial spreading melanoma ssm,malignant melanoma,malignant,,https://www.dermaamin.com/site/images/clinical-pic/s/superfacial-spreading-melanoma/superfacial-spreading-melanoma84.jpg,httpwwwdermaamincomsiteimagesclinicalpicssuperfacialspreadingmelanomasuperfacialspreadingmelanoma84jpg.jpg,3/2fd4888414963b05fe63544829295e3b.jpg
84,43262c5ed7d5c29f9547e40f5bcac4fd,4,-1,malignant melanoma,malignant melanoma,malignant,,https://www.dermaamin.com/site/images/clinical-pic/m/malignant-melanoma/malignant-melanoma75.jpg,httpwwwdermaamincomsiteimagesclinicalpicmmalignantmelanomamalignantmelanoma75jpg.jpg,4/43262c5ed7d5c29f9547e40f5bcac4fd.jpg
85,be813befb6f1f53ce07c77838af159ea,4,3,malignant melanoma,malignant melanoma,malignant,,https://www.dermaamin.com/site/images/clinical-pic/m/malignant-melanoma/malignant-melanoma55.jpg,httpwwwdermaamincomsiteimagesclinicalpicmmalignantmelanomamalignantmelanoma55jpg.jpg,4/be813befb6f1f53ce07c77838af159ea.jpg
86,430f3cba46045b2e5eb12092c03b98fd,3,1,superficial spreading melanoma ssm,malignant melanoma,malignant,,https://www.dermaamin.com/site/images/clinical-pic/s/superfacial-spreading-melanoma/superfacial-spreading-melanoma110.jpg,httpwwwdermaamincomsiteimagesclinicalpicssuperfacialspreadingmelanomasuperfacialspreadingmelanoma110jpg.jpg,3/430f3cba46045b2e5eb12092c03b98fd.jpg
87,d13e9416a0204d2e004f93eb5f853448,5,2,superficial spreading melanoma ssm,malignant melanoma,malignant,,https://www.dermaamin.com/site/images/clinical-pic/s/superfacial-spreading-melanoma/superfacial-spreading-melanoma103.jpg,httpwwwdermaamincomsiteimagesclinicalpicssuperfacialspreadingmelanomasuperfacialspreadingmelanoma103jpg.jpg,5/d13e9416a0204d2e004f93eb5f853448.jpg
88,caf7053829e13ecad9c9bdf62fa1b4b5,3,2,lentigo maligna,malignant melanoma,malignant,,https://www.dermaamin.com/site/images/clinical-pic/L/lentigo-maligna/lentigo-maligna63.jpg,httpwwwdermaamincomsiteimagesclinicalpicLlentigomalignalentigomaligna63jpg.jpg,3/caf7053829e13ecad9c9bdf62fa1b4b5.jpg
89,d9491d49e41af0734b1bfe6e4cde4ade,3,2,melanoma,malignant melanoma,malignant,,https://www.dermaamin.com/site/images/clinical-pic/m/melanoma/melanoma23.jpg,httpwwwdermaamincomsiteimagesclinicalpicmmelanomamelanoma23jpg.jpg,3/d9491d49e41af0734b1bfe6e4cde4ade.jpg
90,8a091188db498974b231e3e4eb542317,3,2,malignant melanoma,malignant melanoma,malignant,,https://www.dermaamin.com/site/images/clinical-pic/m/malignant-melanoma/malignant-melanoma38.jpg,httpwwwdermaamincomsiteimagesclinicalpicmmalignantmelanomamalignantmelanoma38jpg.jpg,3/8a091188db498974b231e3e4eb542317.jpg
91,7c6b7a1a6e946bcefd118b37ca1e6e1c,3,-1,lentigo maligna,malignant melanoma,malignant,,https://www.dermaamin.com/site/images/clinical-pic/L/lentigo-maligna/lentigo-maligna78.jpg,httpwwwdermaamincomsiteimagesclinicalpicLlentigomalignalentigomaligna78jpg.jpg,3/7c6b7a1a6e946bcefd118b37ca1e6e1c.jpg
92,ada18724a43831db99512cf39a174d0a,3,2,malignant melanoma,malignant melanoma,malignant,,https://www.dermaamin.com/site/images/clinical-pic/m/malignant-melanoma/malignant-melanoma85.jpg,httpwwwdermaamincomsiteimagesclinicalpicmmalignantmelanomamalignantmelanoma85jpg.jpg,3/ada18724a43831db99512cf39a174d0a.jpg
93,d4862d1b866e2c536dde339f60de4f0d,5,4,melanoma,malignant melanoma,malignant,,https://www.dermaamin.com/site/images/clinical-pic/m/melanoma/melanoma72.jpg,httpwwwdermaamincomsiteimagesclinicalpicmmelanomamelanoma72jpg.jpg,5/d4862d1b866e2c536dde339f60de4f0d.jpg
94,c094d187bbdb87186eed24cba84dea57,3,2,malignant melanoma,malignant melanoma,malignant,,https://www.dermaamin.com/site/images/clinical-pic/m/malignant-melanoma/malignant-melanoma102.jpg,httpwwwdermaamincomsiteimagesclinicalpicmmalignantmelanomamalignantmelanoma102jpg.jpg,3/c094d187bbdb87186eed24cba84dea57.jpg
95,9e555077493565a25648af77a1da5e06,5,2,lentigo maligna,malignant melanoma,malignant,,https://www.dermaamin.com/site/images/clinical-pic/L/lentigo-maligna/lentigo-maligna21.jpg,httpwwwdermaamincomsiteimagesclinicalpicLlentigomalignalentigomaligna21jpg.jpg,5/9e555077493565a25648af77a1da5e06.jpg
96,ddc2dbe2b62e2bb78ce1b4305110b67f,4,3,melanoma,malignant melanoma,malignant,,https://www.dermaamin.com/site/images/clinical-pic/m/melanoma/melanoma33.jpg,httpwwwdermaamincomsiteimagesclinicalpicmmelanomamelanoma33jpg.jpg,4/ddc2dbe2b62e2bb78ce1b4305110b67f.jpg
97,263049401830de0dee7571422e407e47,4,4,lentigo maligna,malignant melanoma,malignant,,https://www.dermaamin.com/site/images/clinical-pic/L/lentigo-maligna/lentigo-maligna66.jpg,httpwwwdermaamincomsiteimagesclinicalpicLlentigomalignalentigomaligna66jpg.jpg,4/263049401830de0dee7571422e407e47.jpg
98,a13eaf2826329cee2e8ab3b16a9df3f9,4,2,malignant melanoma,malignant melanoma,malignant,,https://www.dermaamin.com/site/images/clinical-pic/m/malignant-melanoma/malignant-melanoma35.jpg,httpwwwdermaamincomsiteimagesclinicalpicmmalignantmelanomamalignantmelanoma35jpg.jpg,4/a13eaf2826329cee2e8ab3b16a9df3f9.jpg
99,59987085d01b140ce512082866095ddd,3,2,melanoma,malignant melanoma,malignant,,https://www.dermaamin.com/site/images/clinical-pic/m/melanome-superficiel-extensif/melanome-superficiel-extensif5.jpg,httpwwwdermaamincomsiteimagesclinicalpicmmelanomesuperficielextensifmelanomesuperficielextensif5jpg.jpg,3/59987085d01b140ce512082866095ddd.jpg
100,d962d44c1ad9d8007dd31cbc9cb6aad8,3,1,superficial spreading melanoma ssm,malignant melanoma,malignant,,https://www.dermaamin.com/site/images/clinical-pic/s/superfacial-spreading-melanoma/superfacial-spreading-melanoma46.jpg,httpwwwdermaamincomsiteimagesclinicalpicssuperfacialspreadingmelanomasuperfacialspreadingmelanoma46jpg.jpg,3/d962d44c1ad9d8007dd31cbc9cb6aad8.jpg
101,deba1747c5e39cae4b05d5a6e31139fa,3,1,superficial spreading melanoma ssm,malignant melanoma,malignant,,https://www.dermaamin.com/site/images/clinical-pic/s/superfacial-spreading-melanoma/superfacial-spreading-melanoma39.jpg,httpwwwdermaamincomsiteimagesclinicalpicssuperfacialspreadingmelanomasuperfacialspreadingmelanoma39jpg.jpg,3/deba1747c5e39cae4b05d5a6e31139fa.jpg
102,1cc5a0ffcaf2f370cd65f10eeeb7fddd,3,1,melanoma,malignant melanoma,malignant,,https://www.dermaamin.com/site/images/clinical-pic/a/acro_lentiginous_melanoma/acro_lentiginous_melanoma34.jpg,httpwwwdermaamincomsiteimagesclinicalpicaacrolentiginousmelanomaacrolentiginousmelanoma34jpg.jpg,3/1cc5a0ffcaf2f370cd65f10eeeb7fddd.jpg
103,6152f62f6273b8d9ffa0f19bf812a491,3,1,lentigo maligna,malignant melanoma,malignant,,https://www.dermaamin.com/site/images/clinical-pic/L/lentigo-maligna/lentigo-maligna28.jpg,httpwwwdermaamincomsiteimagesclinicalpicLlentigomalignalentigomaligna28jpg.jpg,3/6152f62f6273b8d9ffa0f19bf812a491.jpg
104,467b2ac03723ec804ecb709da4a5bb16,3,1,superficial spreading melanoma ssm,malignant melanoma,malignant,,https://www.dermaamin.com/site/images/clinical-pic/s/superfacial-spreading-melanoma/superfacial-spreading-melanoma88.jpg,httpwwwdermaamincomsiteimagesclinicalpicssuperfacialspreadingmelanomasuperfacialspreadingmelanoma88jpg.jpg,3/467b2ac03723ec804ecb709da4a5bb16.jpg
105,617f9ddb778028f305520a92ac052c68,6,6,melanoma,malignant melanoma,malignant,,https://www.dermaamin.com/site/images/clinical-pic/r/recurrent_memalona/recurrent_memalona5.jpg,httpwwwdermaamincomsiteimagesclinicalpicrrecurrentmemalonarecurrentmemalona5jpg.jpg,6/617f9ddb778028f305520a92ac052c68.jpg
106,1c31b43cce49c0e53349f4f1adb59b1d,3,1,superficial spreading melanoma ssm,malignant melanoma,malignant,1 Diagnostic,https://www.dermaamin.com/site/images/clinical-pic/s/superfacial-spreading-melanoma/superfacial-spreading-melanoma70.jpg,httpwwwdermaamincomsiteimagesclinicalpicssuperfacialspreadingmelanomasuperfacialspreadingmelanoma70jpg.jpg,3/1c31b43cce49c0e53349f4f1adb59b1d.jpg
107,b50a802b6d5e458e6d6e446b6cee35d9,4,2,superficial spreading melanoma ssm,malignant melanoma,malignant,,https://www.dermaamin.com/site/images/clinical-pic/s/superfacial-spreading-melanoma/superfacial-spreading-melanoma7.jpg,httpwwwdermaamincomsiteimagesclinicalpicssuperfacialspreadingmelanomasuperfacialspreadingmelanoma7jpg.jpg,4/b50a802b6d5e458e6d6e446b6cee35d9.jpg
108,98b0322096085a163b8b849ec481e30f,4,1,malignant melanoma,malignant melanoma,malignant,,https://www.dermaamin.com/site/images/clinical-pic/m/malignant-melanoma/malignant-melanoma8.jpg,httpwwwdermaamincomsiteimagesclinicalpicmmalignantmelanomamalignantmelanoma8jpg.jpg,4/98b0322096085a163b8b849ec481e30f.jpg
109,bb6ae8c9458a9760ef0be6d2fb6f2bd9,4,3,melanoma,malignant melanoma,malignant,,https://www.dermaamin.com/site/images/clinical-pic/a/acro_lentiginous_melanoma/acro_lentiginous_melanoma7.jpg,httpwwwdermaamincomsiteimagesclinicalpicaacrolentiginousmelanomaacrolentiginousmelanoma7jpg.jpg,4/bb6ae8c9458a9760ef0be6d2fb6f2bd9.jpg
110,f0758a39abe4ef22f174aa6e68689459,3,2,melanoma,malignant melanoma,malignant,,https://www.dermaamin.com/site/images/clinical-pic/m/melanoma/melanoma63.jpg,httpwwwdermaamincomsiteimagesclinicalpicmmelanomamelanoma63jpg.jpg,3/f0758a39abe4ef22f174aa6e68689459.jpg
111,6ddff0707d6bfe84b1b4be7a7c41bf5e,3,1,superficial spreading melanoma ssm,malignant melanoma,malignant,,https://www.dermaamin.com/site/images/clinical-pic/s/superfacial-spreading-melanoma/superfacial-spreading-melanoma109.jpg,httpwwwdermaamincomsiteimagesclinicalpicssuperfacialspreadingmelanomasuperfacialspreadingmelanoma109jpg.jpg,3/6ddff0707d6bfe84b1b4be7a7c41bf5e.jpg
112,0d8457afebb67905127da37baece43d8,5,4,melanoma,malignant melanoma,malignant,1 Diagnostic,https://www.dermaamin.com/site/images/clinical-pic/m/melanoma/melanoma34.jpg,httpwwwdermaamincomsiteimagesclinicalpicmmelanomamelanoma34jpg.jpg,5/0d8457afebb67905127da37baece43d8.jpg
113,6c01e05cf7c76a641b92bb4b7383d27b,3,4,melanoma,malignant melanoma,malignant,,https://www.dermaamin.com/site/images/clinical-pic/m/melanoma/melanoma27.jpg,httpwwwdermaamincomsiteimagesclinicalpicmmelanomamelanoma27jpg.jpg,3/6c01e05cf7c76a641b92bb4b7383d27b.jpg
114,9b6a29c58a5cc9dd856128b9e28881ae,5,2,lentigo maligna,malignant melanoma,malignant,,https://www.dermaamin.com/site/images/clinical-pic/L/lentigo-maligna/lentigo-maligna40.jpg,httpwwwdermaamincomsiteimagesclinicalpicLlentigomalignalentigomaligna40jpg.jpg,5/9b6a29c58a5cc9dd856128b9e28881ae.jpg
115,07e86b7dfbd6ffe274193d330c182876,3,-1,malignant melanoma,malignant melanoma,malignant,,https://www.dermaamin.com/site/images/clinical-pic/m/malignant-melanoma/malignant-melanoma42.jpg,httpwwwdermaamincomsiteimagesclinicalpicmmalignantmelanomamalignantmelanoma42jpg.jpg,3/07e86b7dfbd6ffe274193d330c182876.jpg
116,80203c8b58176d8666b6500d6363a5d7,4,3,lentigo maligna,malignant melanoma,malignant,,https://www.dermaamin.com/site/images/clinical-pic/L/lentigo-maligna/lentigo-maligna65.jpg,httpwwwdermaamincomsiteimagesclinicalpicLlentigomalignalentigomaligna65jpg.jpg,4/80203c8b58176d8666b6500d6363a5d7.jpg
117,0e5f2b371f082ab91db473d9913d326a,3,3,lentigo maligna,malignant melanoma,malignant,,https://www.dermaamin.com/site/images/clinical-pic/L/lentigo-maligna/lentigo-maligna47.jpg,httpwwwdermaamincomsiteimagesclinicalpicLlentigomalignalentigomaligna47jpg.jpg,3/0e5f2b371f082ab91db473d9913d326a.jpg
118,58005ed792a5445438c7f32043d1818b,5,-1,superficial spreading melanoma ssm,malignant melanoma,malignant,,https://www.dermaamin.com/site/images/clinical-pic/s/superfacial-spreading-melanoma/superfacial-spreading-melanoma6.jpg,httpwwwdermaamincomsiteimagesclinicalpicssuperfacialspreadingmelanomasuperfacialspreadingmelanoma6jpg.jpg,5/58005ed792a5445438c7f32043d1818b.jpg
119,658446bde66c64e374d317e40fb40f91,6,1,melanoma,malignant melanoma,malignant,,https://www.dermaamin.com/site/images/clinical-pic/a/acro_lentiginous_melanoma/acro_lentiginous_melanoma32.jpg,httpwwwdermaamincomsiteimagesclinicalpicaacrolentiginousmelanomaacrolentiginousmelanoma32jpg.jpg,6/658446bde66c64e374d317e40fb40f91.jpg
120,27dc91b50a048be76e0116779ed1f7ff,3,2,lentigo maligna,malignant melanoma,malignant,,https://www.dermaamin.com/site/images/clinical-pic/L/lentigo-maligna/lentigo-maligna33.jpg,httpwwwdermaamincomsiteimagesclinicalpicLlentigomalignalentigomaligna33jpg.jpg,3/27dc91b50a048be76e0116779ed1f7ff.jpg
121,3bb47651dab6157dbca1fb1585de91f2,4,3,melanoma,malignant melanoma,malignant,,https://www.dermaamin.com/site/images/clinical-pic/m/melanoma/melanoma48.jpg,httpwwwdermaamincomsiteimagesclinicalpicmmelanomamelanoma48jpg.jpg,4/3bb47651dab6157dbca1fb1585de91f2.jpg
122,bfb6b1bace873ed26a0f69d6bfde27ba,3,2,melanoma,malignant melanoma,malignant,,https://www.dermaamin.com/site/images/clinical-pic/m/melanome-achromique/melanome-achromique2.jpg,httpwwwdermaamincomsiteimagesclinicalpicmmelanomeachromiquemelanomeachromique2jpg.jpg,3/bfb6b1bace873ed26a0f69d6bfde27ba.jpg
123,acf9046d1fb65c2020996133795f9b76,4,3,melanoma,malignant melanoma,malignant,,https://www.dermaamin.com/site/images/clinical-pic/m/melanoma/melanoma7.jpg,httpwwwdermaamincomsiteimagesclinicalpicmmelanomamelanoma7jpg.jpg,4/acf9046d1fb65c2020996133795f9b76.jpg
124,2cd4cd289e9c8b7c9cac0c9cf0b9fdd1,3,1,malignant melanoma,malignant melanoma,malignant,,https://www.dermaamin.com/site/images/clinical-pic/m/malignant-melanoma/malignant-melanoma78.jpg,httpwwwdermaamincomsiteimagesclinicalpicmmalignantmelanomamalignantmelanoma78jpg.jpg,3/2cd4cd289e9c8b7c9cac0c9cf0b9fdd1.jpg
125,e61194e04e5e450a4d3d40de07d9f2ed,5,-1,melanoma,malignant melanoma,malignant,,https://www.dermaamin.com/site/images/clinical-pic/m/melanoma/melanoma28.jpg,httpwwwdermaamincomsiteimagesclinicalpicmmelanomamelanoma28jpg.jpg,5/e61194e04e5e450a4d3d40de07d9f2ed.jpg
126,d740f99aa0236f9972d66f0821cf14b0,4,2,malignant melanoma,malignant melanoma,malignant,,https://www.dermaamin.com/site/images/clinical-pic/m/malignant-melanoma/malignant-melanoma64.jpg,httpwwwdermaamincomsiteimagesclinicalpicmmalignantmelanomamalignantmelanoma64jpg.jpg,4/d740f99aa0236f9972d66f0821cf14b0.jpg
127,38c5bd7619923f1297d3b49cebd1bd85,3,2,melanoma,malignant melanoma,malignant,,https://www.dermaamin.com/site/images/clinical-pic/m/melanome-superficiel-extensif/melanome-superficiel-extensif1.jpg,httpwwwdermaamincomsiteimagesclinicalpicmmelanomesuperficielextensifmelanomesuperficielextensif1jpg.jpg,3/38c5bd7619923f1297d3b49cebd1bd85.jpg
128,7a9d20013b87019f62372a31dc98ac92,3,2,malignant melanoma,malignant melanoma,malignant,1 Diagnostic,https://www.dermaamin.com/site/images/clinical-pic/m/malignant-melanoma/malignant-melanoma81.jpg,httpwwwdermaamincomsiteimagesclinicalpicmmalignantmelanomamalignantmelanoma81jpg.jpg,3/7a9d20013b87019f62372a31dc98ac92.jpg
129,a4b48f03133497b7ff25ec2af7505ef1,3,1,superficial spreading melanoma ssm,malignant melanoma,malignant,,https://www.dermaamin.com/site/images/clinical-pic/s/superfacial-spreading-melanoma/superfacial-spreading-melanoma43.jpg,httpwwwdermaamincomsiteimagesclinicalpicssuperfacialspreadingmelanomasuperfacialspreadingmelanoma43jpg.jpg,3/a4b48f03133497b7ff25ec2af7505ef1.jpg
130,f728b8ad950fa5a36cd26cbdf9651179,3,3,superficial spreading melanoma ssm,malignant melanoma,malignant,,https://www.dermaamin.com/site/images/clinical-pic/s/superfacial-spreading-melanoma/superfacial-spreading-melanoma37.jpg,httpwwwdermaamincomsiteimagesclinicalpicssuperfacialspreadingmelanomasuperfacialspreadingmelanoma37jpg.jpg,3/f728b8ad950fa5a36cd26cbdf9651179.jpg
131,9140159f37dd700e5a4d25351ae805fe,3,1,superficial spreading melanoma ssm,malignant melanoma,malignant,,https://www.dermaamin.com/site/images/clinical-pic/s/superfacial-spreading-melanoma/superfacial-spreading-melanoma77.jpg,httpwwwdermaamincomsiteimagesclinicalpicssuperfacialspreadingmelanomasuperfacialspreadingmelanoma77jpg.jpg,3/9140159f37dd700e5a4d25351ae805fe.jpg
132,7041e0d82e0d554237bd1e6dc886a81f,5,4,melanoma,malignant melanoma,malignant,,https://www.dermaamin.com/site/images/clinical-pic/m/melanome-superficiel-extensif/melanome-superficiel-extensif9.jpg,httpwwwdermaamincomsiteimagesclinicalpicmmelanomesuperficielextensifmelanomesuperficielextensif9jpg.jpg,5/7041e0d82e0d554237bd1e6dc886a81f.jpg
133,e6a148f384e31d30c51c4472defc1bdf,4,1,superficial spreading melanoma ssm,malignant melanoma,malignant,,https://www.dermaamin.com/site/images/clinical-pic/s/superfacial-spreading-melanoma/superfacial-spreading-melanoma11.jpg,httpwwwdermaamincomsiteimagesclinicalpicssuperfacialspreadingmelanomasuperfacialspreadingmelanoma11jpg.jpg,4/e6a148f384e31d30c51c4472defc1bdf.jpg
134,50203f0e1cc3ccf33cd2cbfdfd475c02,3,1,malignant melanoma,malignant melanoma,malignant,,https://www.dermaamin.com/site/images/clinical-pic/m/malignant-melanoma/malignant-melanoma56.jpg,httpwwwdermaamincomsiteimagesclinicalpicmmalignantmelanomamalignantmelanoma56jpg.jpg,3/50203f0e1cc3ccf33cd2cbfdfd475c02.jpg
135,f1979b9bf4e026d9204bf15e85984c47,4,4,melanoma,malignant melanoma,malignant,,https://www.dermaamin.com/site/images/clinical-pic/a/acral_melanoma/acral_melanoma1.jpg,httpwwwdermaamincomsiteimagesclinicalpicaacralmelanomaacralmelanoma1jpg.jpg,4/f1979b9bf4e026d9204bf15e85984c47.jpg
136,b22e94f7e5cde4d33adf24245ea5faf2,6,6,melanoma,malignant melanoma,malignant,,https://www.dermaamin.com/site/images/clinical-pic/r/recurrent_memalona/recurrent_memalona4.jpg,httpwwwdermaamincomsiteimagesclinicalpicrrecurrentmemalonarecurrentmemalona4jpg.jpg,6/b22e94f7e5cde4d33adf24245ea5faf2.jpg
137,b12d076ff5807ed202abdecad845d75d,3,2,malignant melanoma,malignant melanoma,malignant,,https://www.dermaamin.com/site/images/clinical-pic/m/malignant-melanoma/malignant-melanoma77.jpg,httpwwwdermaamincomsiteimagesclinicalpicmmalignantmelanomamalignantmelanoma77jpg.jpg,3/b12d076ff5807ed202abdecad845d75d.jpg
138,a9f949191444e250146b49ff8c95c6ac,5,4,malignant melanoma,malignant melanoma,malignant,,https://www.dermaamin.com/site/images/clinical-pic/m/malignant-melanoma/malignant-melanoma32.jpg,httpwwwdermaamincomsiteimagesclinicalpicmmalignantmelanomamalignantmelanoma32jpg.jpg,5/a9f949191444e250146b49ff8c95c6ac.jpg
139,0d9b3b69f19baf1b3db887dfbacafb26,3,2,malignant melanoma,malignant melanoma,malignant,,https://www.dermaamin.com/site/images/clinical-pic/m/malignant-melanoma/malignant-melanoma34.jpg,httpwwwdermaamincomsiteimagesclinicalpicmmalignantmelanomamalignantmelanoma34jpg.jpg,3/0d9b3b69f19baf1b3db887dfbacafb26.jpg
140,32f210990987f39829733c1ab5e7f307,4,3,malignant melanoma,malignant melanoma,malignant,,https://www.dermaamin.com/site/images/clinical-pic/m/malignant-melanoma/malignant-melanoma87.jpg,httpwwwdermaamincomsiteimagesclinicalpicmmalignantmelanomamalignantmelanoma87jpg.jpg,4/32f210990987f39829733c1ab5e7f307.jpg
141,0b57e0f45e5f6b2da953b908dca9d2a6,3,2,lentigo maligna,malignant melanoma,malignant,,https://www.dermaamin.com/site/images/clinical-pic/L/lentigo-maligna/lentigo-maligna16.jpg,httpwwwdermaamincomsiteimagesclinicalpicLlentigomalignalentigomaligna16jpg.jpg,3/0b57e0f45e5f6b2da953b908dca9d2a6.jpg
142,a177a5fc4b0e7033c39fb4f2503279ab,6,6,melanoma,malignant melanoma,malignant,,https://www.dermaamin.com/site/images/clinical-pic/m/melanoma/melanoma1.jpg,httpwwwdermaamincomsiteimagesclinicalpicmmelanomamelanoma1jpg.jpg,6/a177a5fc4b0e7033c39fb4f2503279ab.jpg
143,079c3dd9e4b48d119bcdcfc024558128,3,3,melanoma,malignant melanoma,malignant,,https://www.dermaamin.com/site/images/clinical-pic/m/melanoma/melanoma47.jpg,httpwwwdermaamincomsiteimagesclinicalpicmmelanomamelanoma47jpg.jpg,3/079c3dd9e4b48d119bcdcfc024558128.jpg
144,ba91b9271c0ca0a534ca96e0bab9d98a,3,2,lentigo maligna,malignant melanoma,malignant,,https://www.dermaamin.com/site/images/clinical-pic/L/lentigo-maligna/lentigo-maligna23.jpg,httpwwwdermaamincomsiteimagesclinicalpicLlentigomalignalentigomaligna23jpg.jpg,3/ba91b9271c0ca0a534ca96e0bab9d98a.jpg
145,8aa0c0210a09a713036cc34e4a77511c,3,1,melanoma,malignant melanoma,malignant,,https://www.dermaamin.com/site/images/clinical-pic/m/melanome-superficiel-extensif/melanome-superficiel-extensif16.jpg,httpwwwdermaamincomsiteimagesclinicalpicmmelanomesuperficielextensifmelanomesuperficielextensif16jpg.jpg,3/8aa0c0210a09a713036cc34e4a77511c.jpg
146,bfead4ee428b49d3de415b28ddee47bf,3,2,lentigo maligna,malignant melanoma,malignant,,https://www.dermaamin.com/site/images/clinical-pic/L/lentigo-maligna/lentigo-maligna49.jpg,httpwwwdermaamincomsiteimagesclinicalpicLlentigomalignalentigomaligna49jpg.jpg,3/bfead4ee428b49d3de415b28ddee47bf.jpg
147,3edf305f280a7b9753a141631b8f3ad9,5,4,melanoma,malignant melanoma,malignant,,https://www.dermaamin.com/site/images/clinical-pic/m/melanoma/melanoma58.jpg,httpwwwdermaamincomsiteimagesclinicalpicmmelanomamelanoma58jpg.jpg,5/3edf305f280a7b9753a141631b8f3ad9.jpg
148,3b36608c5ee59c5c9d86d64fb5309007,4,4,melanoma,malignant melanoma,malignant,,https://www.dermaamin.com/site/images/clinical-pic/m/melanoma/melanoma42.jpg,httpwwwdermaamincomsiteimagesclinicalpicmmelanomamelanoma42jpg.jpg,4/3b36608c5ee59c5c9d86d64fb5309007.jpg
149,02f11821915d67f20fb15a8e8b96c1d3,6,1,superficial spreading melanoma ssm,malignant melanoma,malignant,,https://www.dermaamin.com/site/images/clinical-pic/s/superfacial-spreading-melanoma/superfacial-spreading-melanoma116.jpg,httpwwwdermaamincomsiteimagesclinicalpicssuperfacialspreadingmelanomasuperfacialspreadingmelanoma116jpg.jpg,6/02f11821915d67f20fb15a8e8b96c1d3.jpg
150,1ef72998789229d4659d564ba15e7432,5,6,melanoma,malignant melanoma,malignant,,https://www.dermaamin.com/site/images/clinical-pic/r/recurrent_memalona/recurrent_memalona1.jpg,httpwwwdermaamincomsiteimagesclinicalpicrrecurrentmemalonarecurrentmemalona1jpg.jpg,5/1ef72998789229d4659d564ba15e7432.jpg
151,6744db78a0f5c8b6a5ce65df24cb7473,3,3,melanoma,malignant melanoma,malignant,,https://www.dermaamin.com/site/images/clinical-pic/m/melanoma/melanoma61.jpg,httpwwwdermaamincomsiteimagesclinicalpicmmelanomamelanoma61jpg.jpg,3/6744db78a0f5c8b6a5ce65df24cb7473.jpg
152,68528c33db3fc238d183b5d2c14d6f75,3,3,melanoma,malignant melanoma,malignant,,http://atlasdermatologico.com.br/img?imageId=4244,httpwwwatlasdermatologicocombrimgimageId4244.jpg,3/68528c33db3fc238d183b5d2c14d6f75.jpg
153,80af44814ea5730ac2e9ba49971ed054,3,3,melanoma,malignant melanoma,malignant,,http://atlasdermatologico.com.br/img?imageId=4307,httpwwwatlasdermatologicocombrimgimageId4307.jpg,3/80af44814ea5730ac2e9ba49971ed054.jpg
154,051e5c8ce730d6a81961ca551c9fdb2a,5,3,melanoma,malignant melanoma,malignant,,http://atlasdermatologico.com.br/img?imageId=4276,httpwwwatlasdermatologicocombrimgimageId4276.jpg,5/051e5c8ce730d6a81961ca551c9fdb2a.jpg
155,8ad1a12672261156e2dd3ac462215d76,4,3,melanoma,malignant melanoma,malignant,,http://atlasdermatologico.com.br/img?imageId=4315,httpwwwatlasdermatologicocombrimgimageId4315.jpg,4/8ad1a12672261156e2dd3ac462215d76.jpg
156,6f7e7323fc3b1d98c4e3bfe5273f6b92,4,4,melanoma,malignant melanoma,malignant,,http://atlasdermatologico.com.br/img?imageId=4260,httpwwwatlasdermatologicocombrimgimageId4260.jpg,4/6f7e7323fc3b1d98c4e3bfe5273f6b92.jpg
157,06aa37c1fb2ae9dadf126143b98a1640,5,4,melanoma,malignant melanoma,malignant,,http://atlasdermatologico.com.br/img?imageId=4290,httpwwwatlasdermatologicocombrimgimageId4290.jpg,5/06aa37c1fb2ae9dadf126143b98a1640.jpg
158,4ff1ea06e98ef27ae93b27fbfa384a75,4,3,melanoma,malignant melanoma,malignant,,http://atlasdermatologico.com.br/img?imageId=4257,httpwwwatlasdermatologicocombrimgimageId4257.jpg,4/4ff1ea06e98ef27ae93b27fbfa384a75.jpg
159,7c015dcdbe6e3f3c2911a64342c135c6,4,3,melanoma,malignant melanoma,malignant,,http://atlasdermatologico.com.br/img?imageId=4251,httpwwwatlasdermatologicocombrimgimageId4251.jpg,4/7c015dcdbe6e3f3c2911a64342c135c6.jpg
160,13aa2de8804ae601cd45c1c4cac9bc6f,4,3,melanoma,malignant melanoma,malignant,,http://atlasdermatologico.com.br/img?imageId=4266,httpwwwatlasdermatologicocombrimgimageId4266.jpg,4/13aa2de8804ae601cd45c1c4cac9bc6f.jpg
161,339d21e178104dd6280e1ac6d354a695,4,5,melanoma,malignant melanoma,malignant,,http://atlasdermatologico.com.br/img?imageId=4289,httpwwwatlasdermatologicocombrimgimageId4289.jpg,4/339d21e178104dd6280e1ac6d354a695.jpg
162,4ab4fa98f5acf7ec42886917128df401,6,6,melanoma,malignant melanoma,malignant,,http://atlasdermatologico.com.br/img?imageId=4311,httpwwwatlasdermatologicocombrimgimageId4311.jpg,6/4ab4fa98f5acf7ec42886917128df401.jpg
163,8b1aac66f2434dc37c84ba01f2c08605,4,3,melanoma,malignant melanoma,malignant,,http://atlasdermatologico.com.br/img?imageId=4275,httpwwwatlasdermatologicocombrimgimageId4275.jpg,4/8b1aac66f2434dc37c84ba01f2c08605.jpg
164,b30468853e0ad984dfbf53fceee5942f,3,3,melanoma,malignant melanoma,malignant,,http://atlasdermatologico.com.br/img?imageId=4270,httpwwwatlasdermatologicocombrimgimageId4270.jpg,3/b30468853e0ad984dfbf53fceee5942f.jpg
165,c0a31afecc839c5fccf8c15ca9cee431,6,1,melanoma,malignant melanoma,malignant,,http://atlasdermatologico.com.br/img?imageId=4280,httpwwwatlasdermatologicocombrimgimageId4280.jpg,6/c0a31afecc839c5fccf8c15ca9cee431.jpg
166,084d223d5918ec2ddae37f2f8061e23c,5,6,melanoma,malignant melanoma,malignant,1 Diagnostic,http://atlasdermatologico.com.br/img?imageId=4294,httpwwwatlasdermatologicocombrimgimageId4294.jpg,5/084d223d5918ec2ddae37f2f8061e23c.jpg
167,e315766377e07b3a78c789f1ef6cf529,5,1,melanoma,malignant melanoma,malignant,,http://atlasdermatologico.com.br/img?imageId=4310,httpwwwatlasdermatologicocombrimgimageId4310.jpg,5/e315766377e07b3a78c789f1ef6cf529.jpg
168,70766ed2b71ab0e8c5b387e172213eee,5,5,melanoma,malignant melanoma,malignant,,http://atlasdermatologico.com.br/img?imageId=4277,httpwwwatlasdermatologicocombrimgimageId4277.jpg,5/70766ed2b71ab0e8c5b387e172213eee.jpg
169,8e4316c8cc5208eac7a1405d66cb401e,3,3,melanoma,malignant melanoma,malignant,,http://atlasdermatologico.com.br/img?imageId=4313,httpwwwatlasdermatologicocombrimgimageId4313.jpg,3/8e4316c8cc5208eac7a1405d66cb401e.jpg
170,3b24865e842419e4efc3fb909c633077,6,6,melanoma,malignant melanoma,malignant,,http://atlasdermatologico.com.br/img?imageId=4284,httpwwwatlasdermatologicocombrimgimageId4284.jpg,6/3b24865e842419e4efc3fb909c633077.jpg
171,aea33f41d93dbd5aa59131a57c001714,3,2,melanoma,malignant melanoma,malignant,,http://atlasdermatologico.com.br/img?imageId=4317,httpwwwatlasdermatologicocombrimgimageId4317.jpg,3/aea33f41d93dbd5aa59131a57c001714.jpg
172,eab91c11e20398a89c454717dc5eaa94,5,5,melanoma,malignant melanoma,malignant,,http://atlasdermatologico.com.br/img?imageId=4293,httpwwwatlasdermatologicocombrimgimageId4293.jpg,5/eab91c11e20398a89c454717dc5eaa94.jpg
173,8972c76e23d9f6d7c301532573961b99,4,2,melanoma,malignant melanoma,malignant,,http://atlasdermatologico.com.br/img?imageId=4258,httpwwwatlasdermatologicocombrimgimageId4258.jpg,4/8972c76e23d9f6d7c301532573961b99.jpg
174,74bc180ce4619e21a8a8d425c4e86765,3,3,melanoma,malignant melanoma,malignant,,http://atlasdermatologico.com.br/img?imageId=4306,httpwwwatlasdermatologicocombrimgimageId4306.jpg,3/74bc180ce4619e21a8a8d425c4e86765.jpg
175,9aaef41b9332298c3e98b4ee33e39fb5,6,4,melanoma,malignant melanoma,malignant,,http://atlasdermatologico.com.br/img?imageId=4274,httpwwwatlasdermatologicocombrimgimageId4274.jpg,6/9aaef41b9332298c3e98b4ee33e39fb5.jpg
176,5492bcfe87eb32401225a4ababbdad52,5,6,melanoma,malignant melanoma,malignant,,http://atlasdermatologico.com.br/img?imageId=4285,httpwwwatlasdermatologicocombrimgimageId4285.jpg,5/5492bcfe87eb32401225a4ababbdad52.jpg
177,1d8fcc49e4dda6868fcf76916fc14405,5,4,melanoma,malignant melanoma,malignant,,http://atlasdermatologico.com.br/img?imageId=4302,httpwwwatlasdermatologicocombrimgimageId4302.jpg,5/1d8fcc49e4dda6868fcf76916fc14405.jpg
178,37de8e0406609884c1140bf660798d40,5,5,melanoma,malignant melanoma,malignant,,http://atlasdermatologico.com.br/img?imageId=4287,httpwwwatlasdermatologicocombrimgimageId4287.jpg,5/37de8e0406609884c1140bf660798d40.jpg
179,bd70e00d188e7ef98bf9e7edaaff752e,3,4,melanoma,malignant melanoma,malignant,,http://atlasdermatologico.com.br/img?imageId=4303,httpwwwatlasdermatologicocombrimgimageId4303.jpg,3/bd70e00d188e7ef98bf9e7edaaff752e.jpg
180,ddb15beb69fc4276b74a948a00eed2c8,4,4,melanoma,malignant melanoma,malignant,,http://atlasdermatologico.com.br/img?imageId=4278,httpwwwatlasdermatologicocombrimgimageId4278.jpg,4/ddb15beb69fc4276b74a948a00eed2c8.jpg
181,de2fe2ef59eae8ce0633efc84d0baef3,3,2,melanoma,malignant melanoma,malignant,,http://atlasdermatologico.com.br/img?imageId=4271,httpwwwatlasdermatologicocombrimgimageId4271.jpg,3/de2fe2ef59eae8ce0633efc84d0baef3.jpg
182,0393b043e435e566657cf7d61879026c,5,4,melanoma,malignant melanoma,malignant,,http://atlasdermatologico.com.br/img?imageId=4301,httpwwwatlasdermatologicocombrimgimageId4301.jpg,5/0393b043e435e566657cf7d61879026c.jpg
183,2e9a44d7373e97c682c937249b38d622,3,2,melanoma,malignant melanoma,malignant,,http://atlasdermatologico.com.br/img?imageId=4240,httpwwwatlasdermatologicocombrimgimageId4240.jpg,3/2e9a44d7373e97c682c937249b38d622.jpg
184,889a8ed4164c01992b4981e78597a29a,5,4,melanoma,malignant melanoma,malignant,,http://atlasdermatologico.com.br/img?imageId=4291,httpwwwatlasdermatologicocombrimgimageId4291.jpg,5/889a8ed4164c01992b4981e78597a29a.jpg
185,b02895e0d729c9bcecaed2ee070cada9,4,2,melanoma,malignant melanoma,malignant,,http://atlasdermatologico.com.br/img?imageId=4309,httpwwwatlasdermatologicocombrimgimageId4309.jpg,4/b02895e0d729c9bcecaed2ee070cada9.jpg
186,e668f37499adaead040d7d893e778cc7,4,4,melanoma,malignant melanoma,malignant,,http://atlasdermatologico.com.br/img?imageId=4247,httpwwwatlasdermatologicocombrimgimageId4247.jpg,4/e668f37499adaead040d7d893e778cc7.jpg
187,a37ed02cd54e4b530341f7587d4e444a,5,5,melanoma,malignant melanoma,malignant,,http://atlasdermatologico.com.br/img?imageId=4286,httpwwwatlasdermatologicocombrimgimageId4286.jpg,5/a37ed02cd54e4b530341f7587d4e444a.jpg
188,442efb92b5f59923668f0d2e6316b9cb,4,3,melanoma,malignant melanoma,malignant,,http://atlasdermatologico.com.br/img?imageId=4261,httpwwwatlasdermatologicocombrimgimageId4261.jpg,4/442efb92b5f59923668f0d2e6316b9cb.jpg
189,1d78d91cb196cb45b40c615cbf7a94ff,4,4,melanoma,malignant melanoma,malignant,,http://atlasdermatologico.com.br/img?imageId=4316,httpwwwatlasdermatologicocombrimgimageId4316.jpg,4/1d78d91cb196cb45b40c615cbf7a94ff.jpg
190,0e9e79e3884112fdccf813ffebd698ea,3,-1,melanoma,malignant melanoma,malignant,,http://atlasdermatologico.com.br/img?imageId=4288,httpwwwatlasdermatologicocombrimgimageId4288.jpg,3/0e9e79e3884112fdccf813ffebd698ea.jpg
191,6c83bef6f525b8734ecdbd9dd5f0e822,3,1,melanoma,malignant melanoma,malignant,,http://atlasdermatologico.com.br/img?imageId=4318,httpwwwatlasdermatologicocombrimgimageId4318.jpg,3/6c83bef6f525b8734ecdbd9dd5f0e822.jpg
192,c6a917a5d74ab6def73579084f791251,3,3,melanoma,malignant melanoma,malignant,,http://atlasdermatologico.com.br/img?imageId=4296,httpwwwatlasdermatologicocombrimgimageId4296.jpg,3/c6a917a5d74ab6def73579084f791251.jpg
193,fd1fa18a3033459631670d50b9b5bfc9,4,4,melanoma,malignant melanoma,malignant,,http://atlasdermatologico.com.br/img?imageId=4248,httpwwwatlasdermatologicocombrimgimageId4248.jpg,4/fd1fa18a3033459631670d50b9b5bfc9.jpg
194,29a86d89608e63ccfc57b1e40c827ead,4,3,melanoma,malignant melanoma,malignant,1 Diagnostic,http://atlasdermatologico.com.br/img?imageId=4314,httpwwwatlasdermatologicocombrimgimageId4314.jpg,4/29a86d89608e63ccfc57b1e40c827ead.jpg
195,c1b162ecbd537349c8df036a7f7627dc,3,3,melanoma,malignant melanoma,malignant,,http://atlasdermatologico.com.br/img?imageId=4273,httpwwwatlasdermatologicocombrimgimageId4273.jpg,3/c1b162ecbd537349c8df036a7f7627dc.jpg
196,74c640f21d94d59eec3ac37cebaedd2d,4,3,melanoma,malignant melanoma,malignant,,http://atlasdermatologico.com.br/img?imageId=4305,httpwwwatlasdermatologicocombrimgimageId4305.jpg,4/74c640f21d94d59eec3ac37cebaedd2d.jpg
197,ecdcd89dda8fa5b30706532fb49f315c,3,3,melanoma,malignant melanoma,malignant,,http://atlasdermatologico.com.br/img?imageId=4254,httpwwwatlasdermatologicocombrimgimageId4254.jpg,3/ecdcd89dda8fa5b30706532fb49f315c.jpg
198,1d56b7d688b6b276893107a6bdb93bba,5,2,melanoma,malignant melanoma,malignant,,http://atlasdermatologico.com.br/img?imageId=4320,httpwwwatlasdermatologicocombrimgimageId4320.jpg,5/1d56b7d688b6b276893107a6bdb93bba.jpg
199,2311fe11163e4e84336c53eefb5e24d7,4,5,melanoma,malignant melanoma,malignant,,http://atlasdermatologico.com.br/img?imageId=4292,httpwwwatlasdermatologicocombrimgimageId4292.jpg,4/2311fe11163e4e84336c53eefb5e24d7.jpg
200,b9ddf5dbd6257c786e13658934c56ac6,3,4,melanoma,malignant melanoma,malignant,,http://atlasdermatologico.com.br/img?imageId=4262,httpwwwatlasdermatologicocombrimgimageId4262.jpg,3/b9ddf5dbd6257c786e13658934c56ac6.jpg
201,ae40c3cfca9899067d0e75465586cf97,3,3,melanoma,malignant melanoma,malignant,,http://atlasdermatologico.com.br/img?imageId=4269,httpwwwatlasdermatologicocombrimgimageId4269.jpg,3/ae40c3cfca9899067d0e75465586cf97.jpg
202,3f014488acf61087ab152f8dc5fac8b3,4,4,melanoma,malignant melanoma,malignant,,http://atlasdermatologico.com.br/img?imageId=4265,httpwwwatlasdermatologicocombrimgimageId4265.jpg,4/3f014488acf61087ab152f8dc5fac8b3.jpg
203,96e320998184af49bfc791c8f1b0e174,3,4,melanoma,malignant melanoma,malignant,1 Diagnostic,http://atlasdermatologico.com.br/img?imageId=4300,httpwwwatlasdermatologicocombrimgimageId4300.jpg,3/96e320998184af49bfc791c8f1b0e174.jpg
204,30559e9ff81800fcc4e2819d89988b88,4,4,melanoma,malignant melanoma,malignant,,http://atlasdermatologico.com.br/img?imageId=4246,httpwwwatlasdermatologicocombrimgimageId4246.jpg,4/30559e9ff81800fcc4e2819d89988b88.jpg
205,65f7b7df48effe3ad7238404ca5318ce,4,3,melanoma,malignant melanoma,malignant,,http://atlasdermatologico.com.br/img?imageId=4295,httpwwwatlasdermatologicocombrimgimageId4295.jpg,4/65f7b7df48effe3ad7238404ca5318ce.jpg
206,4695bfda5557fa0aaae6e81d4492e0a5,3,2,melanoma,malignant melanoma,malignant,,http://atlasdermatologico.com.br/img?imageId=4298,httpwwwatlasdermatologicocombrimgimageId4298.jpg,3/4695bfda5557fa0aaae6e81d4492e0a5.jpg
207,ff5fbdbf0d3221c3ba5628b50fc0aa41,3,3,melanoma,malignant melanoma,malignant,,http://atlasdermatologico.com.br/img?imageId=4243,httpwwwatlasdermatologicocombrimgimageId4243.jpg,3/ff5fbdbf0d3221c3ba5628b50fc0aa41.jpg
208,b3d94ddf1388ed3894ad18ea3fefc880,5,4,melanoma,malignant melanoma,malignant,,http://atlasdermatologico.com.br/img?imageId=4256,httpwwwatlasdermatologicocombrimgimageId4256.jpg,5/b3d94ddf1388ed3894ad18ea3fefc880.jpg
209,80602e43414e592443aee9e67fcca5c7,4,4,melanoma,malignant melanoma,malignant,,http://atlasdermatologico.com.br/img?imageId=4299,httpwwwatlasdermatologicocombrimgimageId4299.jpg,4/80602e43414e592443aee9e67fcca5c7.jpg
210,db6590971625b0e98971f449b4ed6ee7,3,3,melanoma,malignant melanoma,malignant,,http://atlasdermatologico.com.br/img?imageId=4253,httpwwwatlasdermatologicocombrimgimageId4253.jpg,3/db6590971625b0e98971f449b4ed6ee7.jpg
211,30b3bb79b3d16b45ec095a91cd9c32ee,4,4,melanoma,malignant melanoma,malignant,,http://atlasdermatologico.com.br/img?imageId=4255,httpwwwatlasdermatologicocombrimgimageId4255.jpg,4/30b3bb79b3d16b45ec095a91cd9c32ee.jpg
212,fb89d4fa5b5c3696f327d14ee041942c,3,3,melanoma,malignant melanoma,malignant,,http://atlasdermatologico.com.br/img?imageId=4304,httpwwwatlasdermatologicocombrimgimageId4304.jpg,3/fb89d4fa5b5c3696f327d14ee041942c.jpg
